id,title,publication,year,award,category,subcategory,discipline,platform,topic,description,url,thumbnail,images,credits,student,non_editorial,multi_winner,access
singapore-objects,50 Singapore Objects,The Straits Times,2024,Silver,Feature design,Illustrated report,Infographics,Print,Culture,"A catalog of objects that tell the story of a city-state through material culture, sequenced as a print feature.","https://www.straitstimes.com",/assets/entries/singapore-objects.jpg,/assets/entries/singapore-objects.jpg,"Maya Chen|Designer; Priya Nair|Editor",0,0,0,public
tai-po,Tragedy in Tai Po,South China Morning Post,2026,Gold,Breaking news,Explanatory graphics,Infographics,Print,Disaster,"If the organization has given a description, or there was one written in the book, we could put that text here. But this field needs to be optional because many or most of the entries won’t have a description.","https://www.scmp.com",/assets/entries/tai-po.jpg,/assets/entries/tai-po.jpg|/assets/entries/tai-po.jpg,"Alex Ng|Graphics editor; Jordan Blake|Reporter; Sam Ortiz|3D artist",0,0,1,public
election-night,Election Night Desk,The New York Times,2024,Best in Show,Digital storytelling,Live graphics,News design,Digital,Elections,"A live election package built for a newsroom desk: results, maps, and a print replica workflow.","https://www.nytimes.com",/assets/entries/singapore-objects.jpg,/assets/entries/singapore-objects.jpg,"Riley Ames|Art director; Chris Lang|Developer; Dana Okonkwo|Designer",0,0,1,public
floodplain,The Floodplain Next Door,The Washington Post,2023,Award of Excellence,Feature design,Climate series,Infographics,Digital,Climate,"A mapped investigation of flood risk sitting on top of ordinary suburban streets.","https://www.washingtonpost.com",/assets/entries/tai-po.jpg,/assets/entries/tai-po.jpg,"Elena Vasquez|Graphics reporter; Tom Hale|Editor",0,0,0,public
matchday,Matchday Broadsheet,The Guardian,2022,Bronze,Sports page,Weekend section,News design,Print,Sports,"A Saturday sports front that treats a league weekend like a city symphony.","https://www.theguardian.com",/assets/entries/singapore-objects.jpg,/assets/entries/singapore-objects.jpg,"Owen Clark|Designer",0,0,0,public
reentry,After the Sentence,ProPublica,2021,Gold,Investigative,Portrait series,Art direction,Digital,Justice,"Portrait-led design for a series on people returning home from prison.","https://www.propublica.org",/assets/entries/tai-po.jpg,/assets/entries/tai-po.jpg,"Naomi Brooks|Art director; Luis Vega|Photographer",0,0,0,member
city-budget,Where the Money Goes,The Boston Globe,2020,Silver,Infographic,Municipal data,Infographics,Digital,Local news,"A budget explainer that a reader can scan in a minute and still trust.","https://www.bostonglobe.com",/assets/entries/singapore-objects.jpg,/assets/entries/singapore-objects.jpg,"Harper Quinn|Designer; Mel Singh|Editor",0,0,0,public
front-lines,The Front Page,Chicago Tribune,2018,World's Best,Front page,Breaking news,News design,Print,Local news,,"https://www.chicagotribune.com",/assets/entries/tai-po.jpg,/assets/entries/tai-po.jpg,"Pat Moreau|News designer",0,0,0,public
student-zine,Newsroom Next,University Daily,2025,Award of Excellence,Magazine,Student publication,Art direction,Print,Education,"A student-designed magazine about the jobs they want in visual journalism.",,/assets/entries/singapore-objects.jpg,/assets/entries/singapore-objects.jpg,"Asha Patel|Designer; Jonah Lee|Editor",1,0,0,public
brand-kit,Identity Refresh,SND,2019,Judge's Special Recognition,Brand,Organization,Product design,Other,Design,"A non-editorial identity system for the Society itself.",https://www.snd.org,/assets/entries/singapore-objects.jpg,/assets/entries/singapore-objects.jpg,"Kim Ortega|Designer",0,1,0,public
reel-brief,Ninety Seconds,Reuters,2023,Bronze,Video,Social cutdowns,Video,Social,World news,"A visual system for turning a print graphic into a ninety-second social brief.","https://www.reuters.com",/assets/entries/tai-po.jpg,/assets/entries/tai-po.jpg,"Chris Lang|Motion; Dana Okonkwo|Art director",0,0,0,public
illustrated-war,Lines of Advance,The Economist,2017,Silver,Illustration,Weekly section,Illustration & animation,Print,Conflict,"Illustrated maps that hold a week of fighting without pretending to be satellite truth.","https://www.economist.com",/assets/entries/singapore-objects.jpg,/assets/entries/singapore-objects.jpg,"Ingrid Holm|Illustrator; Paul Rhee|Graphics editor",0,0,0,public
app-home,The Home Screen,The Athletic,2025,Gold,Product,App,Product design,Digital,Sports,"An app home that still feels like a section front.","https://www.nytimes.com/athletic",/assets/entries/tai-po.jpg,/assets/entries/tai-po.jpg,"Sam Ortiz|Product designer; Riley Ames|Art director",0,0,0,member
heat-index,Too Hot to Work,Los Angeles Times,2024,Silver,Feature design,Climate,Infographics,Multiplatform,Climate,"A heat index that works in print, on the homepage, and as a shareable card.","https://www.latimes.com",/assets/entries/singapore-objects.jpg,/assets/entries/singapore-objects.jpg,"Elena Vasquez|Graphics reporter; Asha Patel|Designer",0,0,1,public
